{"cameraMode":{"drawMode":0,"name":"Shaded","section":"Shading Mode"},"sceneLighting":true,"audioPlay":false,"sceneViewState":{"m_AlwaysRefresh":false,"showFog":true,"showSkybox":true,"showFlares":true,"showImageEffects":true,"showParticleSystems":true,"showVisualEffectGraphs":true,"m_FxEnabled":false},"in2DMode":false,"pivot":{"x":18.334989547729493,"y":1.586442232131958,"z":-7.662384510040283},"rotation":{"x":-0.10669558495283127,"y":-0.22699926793575288,"z":0.02502688206732273,"w":-0.9677284359931946},"size":2.3739473819732668,"orthographic":false}