{"cameraMode":{"drawMode":0,"name":"Shaded","section":"Shading Mode"},"sceneLighting":false,"audioPlay":false,"sceneViewState":{"m_AlwaysRefresh":false,"showFog":true,"showSkybox":false,"showFlares":true,"showImageEffects":true,"showParticleSystems":true,"showVisualEffectGraphs":true,"m_FxEnabled":false},"in2DMode":false,"pivot":{"x":7.599999904632568,"y":0.7049505114555359,"z":-0.0056618452072143559},"rotation":{"x":-0.3392273485660553,"y":-0.46845996379852297,"z":0.20100489258766175,"w":-0.7906233072280884},"size":2.0561861991882326,"orthographic":false}