{"cameraMode":{"drawMode":0,"name":"Shaded","section":"Shading Mode"},"sceneLighting":false,"audioPlay":false,"sceneViewState":{"m_AlwaysRefresh":false,"showFog":true,"showSkybox":false,"showFlares":true,"showImageEffects":true,"showParticleSystems":true,"showVisualEffectGraphs":true,"m_FxEnabled":false},"in2DMode":false,"pivot":{"x":-1.0815818309783936,"y":0.17794203758239747,"z":-0.3673785626888275},"rotation":{"x":-0.11846473813056946,"y":-0.03365878760814667,"z":0.004017360042780638,"w":-0.9923980832099915},"size":1.0035929679870606,"orthographic":false}